# CSV-File created with merge-csv.com,,,,,,,,,,,,,,,,,,,,,,,,,,,
# -----------------------------------------------------------,,,,,,,,,,,,,,,,,,,,,,,,,,,
,,,,,,,,,,,,,,,,,,,,,,,,,,,
Document Title,Authors,Author Affiliations,Publication Title,Date Added To Xplore,Publication Year,Volume,Issue,Start Page,End Page,Abstract,ISSN,ISBNs,DOI,Funding Information,PDF Link,Author Keywords,IEEE Terms,Mesh_Terms,Article Citation Count,Patent Citation Count,Reference Count,License,Online Date,Issue Date,Meeting Date,Publisher,Document Identifier
Hybrid Statistical and Deep Feature-Based Detection of Steganography in DCT and LSB Domains,D. Navya; S. V; P. H. Varshini; N. Srivastava,"Department of Computer Science and Engineering, Amrita School of Computing, Bengaluru Amrita Vishwa Vidyapeetham, India; Department of Computer Science and Engineering, Amrita School of Computing, Bengaluru Amrita Vishwa Vidyapeetham, India; Department of Computer Science and Engineering, Amrita School of Computing, Bengaluru Amrita Vishwa Vidyapeetham, India; Department of Mathematics, Amrita School of Engineering, Bengaluru Amrita Vishwa Vidyapeetham, India","2025 5th International Conference on Emerging Research in Electronics, Computer Science and Technology (ICERECT)",12-Feb-26,2025,,,1,6,"Steganography facilitates secret communication by hiding information in digital media, and this presents great challenges to digital forensics and information security. This paper introduces a single steganalysis framework that can identify steganographic content hidden in spatial (Least Significant Bit, LSB) and frequency (Discrete Cosine Transform, DCT) domains. We derive discriminative features through statistical means and use dimensionality reduction algorithms like PCA, SVD, and Deep Matrix Factorization to improve representation. These features are then classified through both traditional and deep learning-based models. For further detection accuracy improvement, ensemble learning techniques including a strong stacking classifier are used. Statistical hypothesis testing is used to confirm cover and stego feature separability. Experimental findings show that though individual classifiers result in moderate performance, ensemble-based methods greatly enhance performance, especially for DCT-based steganography. Further, a pipeline for real-time inference is incorporated for deployment in practice. The contribution of the work is in showcasing the value of integrating machine learning with statistical domain expertise towards high-accuracy and interpretable steganalysis.",,979-8-3315-3200-0,10.1109/ICERECT65215.2025.11377957,,https://ieeexplore.ieee.org/stamp/stamp.jsp?arnumber=11377957,Steganography;Steganalysis;LSB;DCT;Au-toencoder;PCA;SVD;Deep Matrix Factorization;Stacking Classifier;Statistical Testing;Image Processing,Dimensionality reduction;Steganography;Frequency-domain analysis;Stacking;Pipelines;Feature extraction;Classification algorithms;Discrete cosine transforms;Ensemble learning;Principal component analysis,,,,20,IEEE,12-Feb-26,12-13 Sept. 2025,12-13 Sept. 2025,IEEE,IEEE Conferences
Steganalysis of AI Models LSB Attacks,D. Gilkarov; R. Dubin,"Department of Computer Science, Ariel University, Ari’el, Israel; Department of Computer Science and Ariel Cyber Innovation Center, Ariel University, Ari’el, Israel",IEEE Transactions on Information Forensics and Security,07-May-24,2024,19,,4767,4779,"Artificial intelligence has made significant progress in the last decade, leading to a rise in the popularity of model sharing. The model zoo ecosystem, a repository of pre-trained AI models, has advanced the AI open-source community and opened new avenues for cyber risks. Malicious attackers can exploit shared models to launch cyber-attacks. This work focuses on the steganalysis of injected malicious Least Significant Bit (LSB) steganography into AI models, and it is the first work focusing on AI model attacks. In response to this threat, this paper presents a steganalysis method specifically tailored to detect and mitigate malicious LSB steganography attacks based on supervised and unsupervised AI detection steganalysis methods. Our proposed technique aims to preserve the integrity of shared models, protect user trust, and maintain the momentum of open collaboration within the AI community. In this work, we propose 3 steganalysis methods and open source our code. We found that the success of the steganalysis depends on the LSB attack location. If the attacker decides to exploit the least significant bits in the LSB, the ability to detect the attacks is low. However, if the attack is in the most significant LSB bits, the attack can be detected with almost perfect accuracy.",1556-6021,,10.1109/TIFS.2024.3383770,"Ariel Cyber Innovation Center in Conjunction with Israel National Cyber Directorate in the Prime Minister’s Office; U.S. Provisional Patent Application(grant numbers:63/524,681); ",https://ieeexplore.ieee.org/stamp/stamp.jsp?arnumber=10486976,Steganography;AI model security,Artificial intelligence;Steganography;Malware;Mathematical models;Biological system modeling;Data models;Videos,,7,,25,IEEE,01-Apr-24,2024,,IEEE,IEEE Journals
Anti-Forensic Challenges in Digital Forensics Investigations: An Overview of Techniques and Tools,I. A. Mohammad; A. O. Nasar; M. Alkhawaldeh; E. -U. -H. Qazi; T. Zia,"Center of Excellence in Cybercrimes and Digital Forensics (CoECDF), Naif Arab University for Security Sciences, Riyadh, Saudi Arabia; Center of Excellence in Cybercrimes and Digital Forensics (CoECDF), Naif Arab University for Security Sciences, Riyadh, Saudi Arabia; Center of Excellence in Cybercrimes and Digital Forensics (CoECDF), Naif Arab University for Security Sciences, Riyadh, Saudi Arabia; Center of Excellence in Cybercrimes and Digital Forensics (CoECDF), Naif Arab University for Security Sciences, Riyadh, Saudi Arabia; School of Arts and Sciences, University of Notre Dame Australia",2024 7th International Conference on Signal Processing and Information Security (ICSPIS),30-Dec-24,2024,,,1,6,"Techniques and tools have become an important part of forensic investigations, and evidence gathering in forensic cases. Most digital forensic experts use methods and tools during case investigations. At the same time, hackers and cybercriminals also use new techniques and tools called antiforensics to distract, mislead, or prolong the investigation process. This paper provides a critical overview of anti-forensic techniques such as data hiding, trail obfuscation, artifact wiping, attacks against forensic tools, and the tools used in cybercrimes. The paper demonstrates two examples, one for data hiding because it is the most common type of anti-forensic technique and the other for altering file extension which is one of the easiest ways to mislead a forensic examination. Finally, the paper provides recommendations for digital forensics examiners on how best to handle anti-forensics challenges.",2831-3844,979-8-3503-6867-3,10.1109/ICSPIS63676.2024.10812632,,https://ieeexplore.ieee.org/stamp/stamp.jsp?arnumber=10812632,Anti-forensic;Anti-forensic techniques;Antiforensic tools,Steganography;Computer hacking;Digital forensics;Information security;Signal processing;Encryption;Computer crime,,,,21,IEEE,30-Dec-24,12-14 Nov. 2024,12-14 Nov. 2024,IEEE,IEEE Conferences
Image Forgery Detection Techniques: Latest Trends and Key Challenges,P. Deb; S. Deb; A. Das; N. Kar,"Department of Computer Science and Engineering, National Institute of Technology Agartala, Agartala, India; Department of Computer Science and Engineering, The ICFAI University Tripura, Kamalghat, India; Department of Information Technology, Manipal Institute of Technology Bengaluru, Manipal Academy of Higher Education, Manipal, India; Department of Computer Science and Engineering, National Institute of Technology Agartala, Agartala, India",IEEE Access,21-Nov-24,2024,12,,169452,169466,"The improvement and accessibility of high-resolution cameras have significantly increased image capturing by various media. Different editing tools are available that are frequently used to improve image quality, resulting in the alteration of images. So, determining the authenticity or integrity of the original image is a challenging task in any domain. Currently, an image or video is a critical source of legal data for digital forensics. Hence, the study begins with the primary objective of determining whether the digital evidence (image or video) associated with a legal case has been altered. Active forgery detection methods, such as digital watermarking and digital signatures, and passive forgery detection techniques, including copy-move, splicing, and retouching, are used to verify digital evidence. Recently, neural network (NN) based forgery detection has garnered notable attention due to its efficacy in detecting forgery on images. In order to assess the benefits and drawbacks of those models, this work starts by looking at different categories of forgery detection and how those classifications are implemented. We summarised and compared the different architectures that researchers had suggested, taking into account their respective specialised viewpoints, and then we analysed them according to quality. Most used methodologies in forgery detection are elaborated by mentioning the advantages and disadvantages of each technique. Additionally, the work examines the deployment of neural networks and machine learning (ML) techniques within forensic science to detect image forgery. We also underlined the present challenges and potential research directions that might help researchers fill the knowledge gaps.",2169-3536,,10.1109/ACCESS.2024.3498340,,https://ieeexplore.ieee.org/stamp/stamp.jsp?arnumber=10752965,Active forgery;passive forgery;digital watermark;digital signature;neural network;machine learning;copy-move forgery (CMF),Image quality;Reviews;Splicing;Digital forensics;Watermarking;Machine learning;Media;Market research;Forgery;Digital signatures,,18,,53,CCBYNCND,14-Nov-24,2024,,IEEE,IEEE Journals
Cryptography and Computational Approaches in Ensuring Data Integrity for Digital Forensic Evidence,R. Mahajan; K. Pandit,"Department of UILS, Chandigarh University Chandigarh University, Mohali, India; Department of UILS, Chandigarh University Chandigarh University, Mohali, India","2024 16th International Conference on Electronics, Computers and Artificial Intelligence (ECAI)",30-Jul-24,2024,,,1,6,"The Digital evidence is derived from diverse sources like computers and their volatile and non-volatile storage, portable digital devices, network traffic, social networks, records and logs from internet service providers, websites, databases, and information systems on both global and local levels. This study focuses on assessing the effectiveness and appropriateness of different security approaches in safeguarding the integrity of digital evidence. The evaluation results in a series of suggestions that should be taken into account when choosing the appropriate algorithm to ensure the integrity of digital evidence in a broad sense. This research examines the cryptographic methods for safeguarding privacy in digital forensics and their classification, which is based on their support for trustworthy third parties, numerous investigations, and multi-keyword searches have been done. The Authors outline the limitations of using cryptography-based techniques in safeguarding privacy of digital forensics and propose possible remedies for these deficiencies.",,979-8-3503-7115-4,10.1109/ECAI61503.2024.10607526,,https://ieeexplore.ieee.org/stamp/stamp.jsp?arnumber=10607526,digital evidence;cryptography;computational approaches;data integrity,Computers;Privacy;Law;Social networking (online);Digital forensics;Web and internet services;Personal digital devices,,2,,24,IEEE,30-Jul-24,27-28 June 2024,27-28 June 2024,IEEE,IEEE Conferences
Forensic Detection of Timestamp Manipulation for Digital Forensic Investigation,J. Oh; S. Lee; H. Hwang,"School of Cybersecurity, Korea University, Seongbuk-gu, Seoul, South Korea; School of Cybersecurity, Korea University, Seongbuk-gu, Seoul, South Korea; The Affiliated Institute of ETRI, Yuseong-gu, Daejeon, South Korea",IEEE Access,27-May-24,2024,12,,72544,72565,"File system forensics is one of the most important areas of digital forensic investigations. To date, various file system forensic methods have been studied, of which anti-forensic countermeasures include deleted file recovery, metadata recovery, and metadata manipulation detection. In particular, manipulation detection of timestamps, which are important file metadata, is one of the key techniques in digital forensic investigations. Existing detection methods for file timestamp manipulation in the New Technology File System (NTFS) have been studied based on various file system and operating system artifacts. This paper compares and analyzes the features and limitations of various existing detection methods and confirms that the NTFS journal-based detection method is the most effectively way to detect timestamp manipulation. However, previous NTFS journal-based detection methods have limitations such as incorrectly identifying normal events as manipulation or detecting manipulation only in limited cases. Therefore, we propose a new detection algorithm that can overcome these limitations. The proposed detection algorithm was implemented as a tool and verified through performance comparison experiments with existing detection methods. The results of experiment showed that the proposed detection algorithm has significantly improved performance by detecting timestamp manipulations that were not detected by previous detection methods and identifying normal events that were misidentified by existing detection methods. Finally, we introduce a case in which existing detection methods and the proposed detection algorithm are applied to malware that performs file timestamp manipulation in real-world advanced persistent threat attacks. The results of which confirm the superiority of the proposed detection algorithm.",2169-3536,,10.1109/ACCESS.2024.3395644,,https://ieeexplore.ieee.org/stamp/stamp.jsp?arnumber=10516317,File system;forensics;anti-forensic countermeasures;timestamp manipulation;forensic detection,File systems;Detection algorithms;Metadata;Digital forensics;Operating systems;Malware;Tunneling;Forensics,,8,,60,CCBYNCND,01-May-24,2024,,IEEE,IEEE Journals
Deep Learning for Steganographic Image Detection,L. Lenk; A. Christian; S. Alanis; R. Bhusari; Z. DeSoto; D. Guo; I. Iziumska; J. Kharbanda; J. Pai; W. Shih; C. Qiao,"University of California, Los Angeles; University of California, Los Angeles; University of California, Los Angeles; University of California, Los Angeles; University of California, Los Angeles; University of California, Los Angeles; University of California, Los Angeles; University of California, Los Angeles; University of California, Los Angeles; University of California, Los Angeles; University of California, Los Angeles",2024 IEEE MIT Undergraduate Research Technology Conference (URTC),31-Mar-25,2024,,,1,4,"Steganography is often difficult to detect, especially when applied to images, as alterations to the image are minimal and often imperceptible to the human eye. To address these obstacles, we trained EfficientNetV2-S, a Convolutional Neural Network (CNN) model optimized for efficiency, for steganography detection. Using a CNN allows for flexibility as it can train on subtle features created by steganographic methods and differentiate between them and clean images. We find that our fine-tuned model is able to differentiate between clean images and certain classes of steganographically altered images with an accuracy of up to 98 percent. Notably, our model is able to distinguish between four methods of steganographic alteration and clean images with a 66.29 percent accuracy, demonstrating a new capability in the field of steganalysis.",,979-8-3315-3100-3,10.1109/URTC65039.2024.10937610,,https://ieeexplore.ieee.org/stamp/stamp.jsp?arnumber=10937610,steganography;information security;data security;artificial intelligence;computer vision;machine learning,Deep learning;Steganography;Computer vision;Accuracy;Computational modeling;Data security;Information security;Convolutional neural networks;Image classification;Testing,,,,21,IEEE,31-Mar-25,11-13 Oct. 2024,11-13 Oct. 2024,IEEE,IEEE Conferences
Heterogeneous Image Steganalysis Based on Forensics Assistance,S. Huang; M. Zhang; X. Zhang; Y. Kong; F. Di; Y. Ke,"Engineering University of PAP, College of Cryptographic Engineering, Xi'an, China; Engineering University of PAP, College of Cryptographic Engineering, Xi'an, China; Engineering University of PAP, College of Cryptographic Engineering, Xi'an, China; Engineering University of PAP, College of Cryptographic Engineering, Xi'an, China; Engineering University of PAP, College of Cryptographic Engineering, Xi'an, China; Engineering University of PAP, College of Cryptographic Engineering, Xi'an, China","2024 6th International Conference on Communications, Information System and Computer Engineering (CISCE)",09-Sep-24,2024,,,649,652,"The purpose of image steganalysis is to detect secret information embedded in digital images. Currently, deep learning-based image steganalysis methods have achieved good detection performance. However, existing deep learning-based steganalysis methods rarely consider image selection. And some networks only use fixed filter kernels, rarely exploiting the learning ability of the network. This leads to the mismatch problem of existing steganalysis models and poses great challenges to steganalysis. To solve the mismatch problem of hybrid heterogeneous image steganalysis, we propose a forensic-assisted image steganalysis scheme. First, a classifier is used to classify the image source and filter different types of image sets, and then different versions of the steganalysis analyser are trained for different types of image sets to process the corresponding classes of images. The Steganalyser is designed to perform its feature learning efficiently. In the experiments, we applied the most advanced steganalysis model and several datasets to validate the scheme and achieve better results. The feasibility of the scheme is verified.",2833-2423,979-8-3503-5317-4,10.1109/CISCE62493.2024.10653356,"National Natural Science Foundation of China(grant numbers:62272478,62102450,62102451); ",https://ieeexplore.ieee.org/stamp/stamp.jsp?arnumber=10653356,component;image steganalysis;image steganography;deep learning;forensics;neural network;feature extraction,Representation learning;Forensics;Digital images;Computational modeling;Computer architecture;Information filters;Data mining,,,,13,IEEE,09-Sep-24,10-12 May 2024,10-12 May 2024,IEEE,IEEE Conferences
Image Tampering Detection Using Error Level Analysis and Metadata Analysis,J. Madake; J. Meshram; A. Mondhe; P. Mashalkar,"Department of Electronics and Telecommunication, Vishwakarma Institute of Technology, Pune, India; Department of Electronics and Telecommunication, Vishwakarma Institute of Technology, Pune, India; Department of Electronics and Telecommunication, Vishwakarma Institute of Technology, Pune, India; Department of Electronics and Telecommunication, Vishwakarma Institute of Technology, Pune, India",2023 4th International Conference for Emerging Technology (INCET),10-Jul-23,2023,,,1,7,"As the volume of digital content continues to increase, the problem of information pollution has become increasingly pressing. Information pollution refers to the dissemination of false, misleading, or biased information through various channels such as social media, news outlets, and websites. This can include fake news, propaganda, as well as tampered or edited images and videos. With the proliferation of digital image editing software and artificial intelligence (AI) techniques, it is increasingly challenging to determine the originality of a photograph. Field of digital image forensics, which aims to identify and prevent image forgery, has gained significant attention in last few years. In this study, we propose a combined approach of Error Level Analysis (ELA) and Metadata Analysis for the passive authentication of images. Utilizing deep neural networks, our proposed approach seeks to evaluate the originality of an image. System demonstrated a test accuracy of 87.24% for the ELA approach and a test accuracy of 73% for the metadata analysis approach.",,979-8-3503-3575-0,10.1109/INCET57972.2023.10169948,,https://ieeexplore.ieee.org/stamp/stamp.jsp?arnumber=10169948,Image forgery;Error Level Analysis;Metadata Analysis;CNN;Deep Learning,Pollution;Social networking (online);Digital images;Pressing;Metadata;Forgery;Software,,6,,39,IEEE,10-Jul-23,26-28 May 2023,26-28 May 2023,IEEE,IEEE Conferences
A blind steganalysis-based predictive analytics of numeric image descriptors for digital forensics with Random Forest & SqueezeNet,W. Akanji; O. Okey; S. Adelanwa; O. Odesanya; T. Olaleye; M. Amusu; A. Akinrinlola; A. Oladejo,"Department of Computer Science, Lagos State University of Science & Technology, Lagos, Nigeria; Department of Systems Engineering & Automation, Universidade Federal de Lavras, MG, Brazil; Department of Computer Science, Lagos State University of Science & Technology, Lagos, Nigeria; Department of Computer Science, Lagos State University of Science & Technology, Lagos, Nigeria; Department of Computer Science, Lagos State University of Science & Technology, Lagos, Nigeria; Department of Computer Science, Lagos State University of Science & Technology, Lagos, Nigeria; Department of Computer Science, Lagos State University of Science & Technology, Lagos, Nigeria; Deaprtment of Electrical/Electronics Engineering, Ladoke Akintola University of Technology, Ogbomoso, Nigeria",2022 5th Information Technology for Education and Development (ITED),02-Mar-23,2022,,,1,7,"Image steganalysis have been a prominent study in digital forensics and the data science use case of artificial intelligence has been widely adopted in conceptual frameworks. In existing studies, deep learners gain prominence for intrusion detection systems while other dissimilar modules are used for feature extraction. Hence, this study rather employs deep learners as image embedding networks aimed at feature extraction for a predictive analytics of image steganalysis. The extracted numeric image descriptors trains three learner algorithms for pattern recognition using a 10 fold cross-validation system. Experimental result indicates the ensemble of Random forest algorithm and SqueezeNet image embedder as the best for steganalysis in digital forensics while the size of the training set turns out to be insignificant for the supervised machine learning study.",,978-1-6654-9370-3,10.1109/ITED56637.2022.10051337,,https://ieeexplore.ieee.org/stamp/stamp.jsp?arnumber=10051337,Image steganalysis;Machine learning;Digital forensics;image embedding,Training;Machine learning algorithms;Digital forensics;Intrusion detection;Feature extraction;Prediction algorithms;Pattern recognition,,1,,36,IEEE,02-Mar-23,1-3 Nov. 2022,1-3 Nov. 2022,IEEE,IEEE Conferences
Digital Forensic Readiness Information System For EJBCA Digital Signature Web Server,I. F. Rasyid; L. M. Zagi; Suhardi,"School of Electrical and Informatics Engineering, Institut Teknologi Bandung, Bandung, Indonesia; School of Electrical and Informatics Engineering, Institut Teknologi Bandung, Bandung, Indonesia; School of Electrical and Informatics Engineering, Institut Teknologi Bandung, Bandung, Indonesia",2022 International Conference on Information Technology Systems and Innovation (ICITSI),14-Dec-22,2022,,,177,182,"As the nature of the website, the EJBCA digital signatures may have vulnerabilities. The list of web-based vulnerabilities can be found in OWASP's Top 10 2021. Anticipating the attack with an effective and efficient forensics application is necessary. The concept of digital forensic readiness can be applied as a pre-incident plan with a digital forensic lifecycle pipeline to establish an efficient forensic process. Managing digital evidence in the pre-incident plan includes data collection, examination, analysis, and findings report. Based on this concept, we implemented it in designing an information system that carries out the entire flow, provides attack evidence collection, visualization of attack statistics in executive summary, mitigation recommendation, and forensic report generation in a physical form when needed. This research offers an information system that can help the digital forensic process and maintain the integrity of the EJBCA digital signature server web.",,978-1-6654-6555-7,10.1109/ICITSI56531.2022.9971126,,https://ieeexplore.ieee.org/stamp/stamp.jsp?arnumber=9971126,Digital forensic readiness;engineering design process;digital forensics investigation lifecycle,Visualization;Technological innovation;Databases;Digital forensics;Pipelines;Data visualization;Data collection,,,,11,IEEE,14-Dec-22,8-9 Nov. 2022,8-9 Nov. 2022,IEEE,IEEE Conferences
Document Image Forgery Detection Based on Deep Learning Models,P. Yang; W. Fang; F. Zhang; L. Bai; Y. Gao,"Beijing University of Posts and Telecommunications, Information Science Academy of China Electronics Technology Group Corporation, Beijing, China; Beijing University of Posts and Telecommunications, Beijing, China; Information Science Academy of China Electronics Technology Group Corporation, Beijing, China; Information Science Academy of China Electronics Technology Group Corporation, Beijing, China; Information Science Academy of China Electronics Technology Group Corporation, Beijing, China","2022 International Symposium on Electrical, Electronics and Information Engineering (ISEEIE)",18-Aug-22,2022,,,36,41,"With the improvement of the communication speed and the popularization of the Internet, images have become the most common information medium in life. At the same time, the adverse effects of forged images in the media, credit investigation, finance and academic fields are becoming more and more significant. Therefore, in recent years, the research on forged image identification algorithms has been active worldwide. Image forgery has different classification methods. According to whether the forgery uses deep learning methods, it can be divided into deep forged images and traditional forged images. It can also be divided into ordinary image forged and document image forged according to whether the image is a text image. Different forgery methods will leave different forgery traces in the image, corresponding to different forgery identification methods. Aiming at document forgery images, this paper proposes a forgery detection algorithm based on deep learning and fusion of error level analysis (ELA) information. Compared with the previous forgery identification algorithms, the algorithm in this paper can not only identify whether the document image is forged, but can also locate the forged text area. The algorithm proposed in this paper supports the detection of document image forgery generated by cutting, copying, erasing and deep learning methods. The detection algorithm of this paper participated in the fifth forgery detection competition of Ali Tianchi and won the 32nd place among 1470 participating teams.",,978-1-6654-6874-9,10.1109/ISEEIE55684.2022.00014,"National Natural Science Foundation of China(grant numbers:61801448,U20B2063); ",https://ieeexplore.ieee.org/stamp/stamp.jsp?arnumber=9853295,Document Image Forgery Identification;Deep Learning;ELA Image Processing,Deep learning;Analytical models;Visualization;Finance;Media;Feature extraction;Forgery,,4,,31,IEEE,18-Aug-22,25-27 Feb. 2022,25-27 Feb. 2022,IEEE,IEEE Conferences
Securing Web User Privacy with Steganalysis of Images using Deep Learning,K. Anuratha; J. M. Nandhini; D. Madhavan; A. Harini; P. Arulmani,"Department of Information Technology, Sri Sairam Institute of Technology, Chennai, India; Department of Information Technology, Sri Sairam Institute of Technology, Chennai, India; Department of Information Technology, Sri Sairam Institute of Technology, Chennai, India; Department of Information Technology, Sri Sairam Institute of Technology, Chennai, India; Department of Information Technology, Sri Sairam Institute of Technology, Chennai, India",2022 7th International Conference on Communication and Electronics Systems (ICCES),29-Jul-22,2022,,,1215,1220,"Nowadays, images are extensively used in all aspects of community because of their ease of understandability, like cyber forensics and research-based exploration. Tampering digital images in special fields maliciously, may change the information contained therein, form false information, and result in damage to society. Data security is very important when sensitive data is transmitted over the internet. Whenever a website is opened, there are a lot of advertisements displayed on the page. Although they don’t intrude on our browsing experience, some images may hide vicious data inside them by using steganography. Hackers have become proficient in embedding their harmful code inside images. As soon as the user clicks on the image, the hidden code starts to affect the host machine by running in the background without the knowledge of the user. Henceforth, this research work proposes a system by using Deep Learning (DL) to detect steganography (Blind Steganalysis). Convolutional Neural Networks (CNN) is used in our system to prognosticate the presence of steganography by providing an extension in the web browser. By testing our model, it’s inferred that the accuracy in finding hidden content in images shows good results. The proposed model has achieved an accuracy of 89 percentage.",,978-1-6654-9634-6,10.1109/ICCES54183.2022.9836021,,https://ieeexplore.ieee.org/stamp/stamp.jsp?arnumber=9836021,Steganography;Steganalysis;Blind Steganalysis;Deep Learning;Convolutional Neural Networks,Deep learning;Steganography;Data privacy;Codes;Neural networks;Data models;Convolutional neural networks,,,,18,IEEE,29-Jul-22,22-24 June 2022,22-24 June 2022,IEEE,IEEE Conferences
Forensic Recovery of File System Metadata for Digital Forensic Investigation,J. Oh; S. Lee; H. Hwang,"School of Cybersecurity, Korea University, Seoul, South Korea; School of Cybersecurity, Korea University, Seoul, South Korea; The Affiliated Institute of ETRI, Daejeon, South Korea",IEEE Access,26-Oct-22,2022,10,,111591,111606,"File system forensics is one of the most important elements in digital forensic investigations. To date, various file system forensic methods, such as analysis of tree structure and the recovery of deleted file data, have been studied. Among these file system forensic methods, the recovery of file system metadata is a key technique that makes digital forensic investigations possible by recovering metadata when it is not possible to obtain metadata in a regular manner because the file system structure is damaged due to an accident/disaster or cyber terrorism. Previous studies mainly focused on recovering record or entry data, which are the basic units of metadata, using carving techniques via a fixed values or values capable of range prediction at the beginning of the data. However, no studies have been conducted on metadata without such fixed values or values capable of range prediction.  $\$ $ LogFile, which is a metadata file of the New Technology File System (NTFS) that is one of the most used file systems at present, contains very important metadata that provide a history of all file system operations during a specific period. However, since there is no fixed value or a value capable of range prediction at the start position of the record, which is the basic unit of  $\$ $ LogFile, there have been no studies on recovery using record units, and only recovery by file and page have been possible. If the file header or page header of  $\$ $ LogFile is damaged, existing recovery methods cannot properly recover the metadata; in such cases, a record-level recovery method is required to recover the metadata. In this context, we investigated the mechanisms of record storage through a detailed analysis of the  $\$ $ LogFile structure and proposed a recovery method for records without fixed values. Our proposed method was implemented as a tool and verified through comparative experiments with existing forensic tools that recover  $\$ $ LogFile data. The experimental results showed that the proposed recovery method was able recover all the data that existing tools are unable to recover in situations where the  $\$ $ LogFile data were damaged. The implemented tools are released free of charge to contribute digital forensic community. Finally, we explained what important role  $\$ $ LogFile played in solving real-world cases and confirm the importance of recovering  $\$ $ LogFile data in situations where file systems may be damaged due to accidents and disasters.",2169-3536,,10.1109/ACCESS.2022.3213030,,https://ieeexplore.ieee.org/stamp/stamp.jsp?arnumber=9913985,File system;forensics;metadata;forensic recovery,Metadata;File systems;Digital forensics;History;Cyber terrorism;Forensics;Operating systems;Information analysis,,14,,27,CCBYNCND,10-Oct-22,2022,,IEEE,IEEE Journals
Deep Learning Based Image Steganalysis,A. Kuznetsov; N. Luhanko; E. Frontoni; L. Romeo; R. Rosati,"Department of Political Sciences, Communication and International Relations, University of Macerata, Macerata, Italy; School of Physics and Technology, V. N. Karazin Kharkiv National University, Kharkiv, Ukraine; Department of Political Sciences, Communication and International Relations, University of Macerata, Macerata, Italy; Department Economics and Law, University of Macerata, Macerata, Italy; Department of Information Engineering, Marche Polytechnic University, Ancona, Italy","2022 IEEE 9th International Conference on Problems of Infocommunications, Science and Technology (PIC S&T)",06-Sep-23,2022,,,364,368,"Various cryptographic and steganographic techniques are used to hide digital information during its processing, storage, and transmission. While cryptography hides the information content of digital data (by converting them into a meaningless set of noise-like sequences), steganography hides the very existence of information messages. In other words, steganographic techniques hide digital messages by embedding them in so-called. containers. Containers are other digital data or physical objects. To do this, containers (covers, media) must be highly redundant data. Revealing the fact of steganographic hiding and detecting an embedded message is usually extremely difficult. In fact, hidden messages are some noise added to the container, and we must, based on the study of this noise, decide on the presence or absence of an embedded message. In this article, we consider deep learning methods for steganoanalysis of digital cover images. We have considered several deep learning models and conduct numerous tests on various datasets. Our experiments show that deep learning does indeed make it possible to design effective stego-detectors, but this requires fine-tuning of model hyperparameters and optimization of the neural network architecture.",,979-8-3503-9891-5,10.1109/PICST57299.2022.10238549,,https://ieeexplore.ieee.org/stamp/stamp.jsp?arnumber=10238549,deep learning;image steganalysis;digital images;styling;convolutional neural network,Deep learning;Training;Steganography;Error probability;Neural networks;Containers;Media,,1,,52,IEEE,06-Sep-23,10-12 Oct. 2022,10-12 Oct. 2022,IEEE,IEEE Conferences
A Deep Learning Based Image Steganalysis Using Gray Level Co-Occurrence Matrix,B. R. Ghosh; S. Banerjee; A. Chakraborty; S. Saha; J. K. Mandal,"Department of Computer Science, Ramakrishna Mission Residential College, Kolkata, India; Department of Computer Science, Ramakrishna Mission Residential College, Kolkata, India; Department of Computer Science, Ramakrishna Mission Residential College, Kolkata, India; Department of Computer Science, Ramakrishna Mission Residential College, Kolkata, India; Department of Computer Science and Engineering, Kalyani University, Kalyani, India","2022 Second International Conference on Advances in Electrical, Computing, Communication and Sustainable Technologies (ICAECT)",01-Jul-22,2022,,,1,8,"Image steganalysis is the technique to identify steganography in images and if possible try to predict the quantity of hidden data. Targeted steganalysis need the knowledge of the steganographic algorithm used to embed the data, whereas blind steganalysis is independent of the embedding process. Its objective is to find patterns in the stego image that are generated due to steganographic process. This work proposed an elegant technique of blind steganalysis which takes input clean image from a benchmark dataset and find the co-occurrence matrix of grayscale image(GLCM) for four pixel pair direction and produces average GLCM. After that PCA and Haralick features are generated from average GLCM. Next, steganographic embedding is applied to the clean images with Steghide application with different payload. Each of this stego images are applied similar feature extraction process as clean images in the dataset. Now a deep neural network based model is trained on the prepared dataset with proper label. The proposed method gives 90.93% and 84.63% accuracy for LFW and BOSS dataset respectively and outperform many similar algorithms.",,978-1-6654-1120-2,10.1109/ICAECT54875.2022.9808013,,https://ieeexplore.ieee.org/stamp/stamp.jsp?arnumber=9808013,GLCM;Blind Steganalysis;PCA;Haralick feature,Deep learning;Steganography;Computational modeling;Neural networks;Gray-scale;Benchmark testing;Prediction algorithms,,2,,20,IEEE,01-Jul-22,21-22 April 2022,21-22 April 2022,IEEE,IEEE Conferences
Overview on Hiding Data in Microsoft Office Documents,A. V. Sergeev; P. B. Khorev,"National Research University “MPEI”,Applied Mathematics Department,Moscow,Russian Federation; National Research University “MPEI”,Applied Mathematics Department,Moscow,Russian Federation","2021 3rd International Youth Conference on Radio Electronics, Electrical and Power Engineering (REEPE)",01-Apr-21,2021,,,1,4,"Steganography is the science of hiding information in various types of data. Some of the most popular formats for Microsoft Office electronic documents are docx, xlsx, and pptx. The paper analyzes the structure of documents according to the OOXML standard. Algorithms for embedding data in electronic documents such as docx, xlsx and pptx, using the functionality of Microsoft office, as well as corresponding to a zip archive, are considered. There are six types of data attachments: zip comments, restricted zip fields, file embedding, additional Xml fields, hidden text, and tracking text. The stability of the data algorithm and the main advantages and disadvantages are assessed.",,978-1-7281-8398-5,10.1109/REEPE51337.2021.9388038,,https://ieeexplore.ieee.org/stamp/stamp.jsp?arnumber=9388038,steganography;analysis;OOXML;data hiding,Power engineering;Stability criteria;XML;Aerospace electronics;Standards,,1,,8,IEEE,01-Apr-21,11-13 March 2021,11-13 March 2021,IEEE,IEEE Conferences
Developing Trends and Challenges of Digital Forensics,A. Tiwari; V. Mehrotra; S. Goel; K. Naman; S. Maurya; R. Agarwal,"Department of CEA, GLA University, Mathura, India; Department of CEA, GLA University, Mathura, India; Department of CEA, GLA University, Mathura, India; Department of CEA, GLA University, Mathura, India; Department of CEA, GLA University, Mathura, India; Department of CEA, GLA University, Mathura, India",2021 5th International Conference on Information Systems and Computer Networks (ISCON),14-Feb-22,2021,,,1,5,"Digital forensics is concerned with identifying, reporting and responding to security breaches. It is about how to acquire, analyze and report digital evidence and using the technical skills, discovering the traces of Cyber Crime. The field of digital forensics is in high demand due to the constant threats of data breaches and information hacks. Digital Forensics is utilized in the identification and elimination of crimes in any controversy where evidence is preserved in online space. This is the use of specialized techniques for retrieval, authentication and electronic data analysis. Computer forensics deals with the identification, preservation, analysis, documentation and presentation of digital evidence. The paper has analyzed the present-day trends that includes IoT forensics, cloud forensics, network forensics and social media forensics. Recent researches have shown a wide range of threats and cyber-attacks, which requires forensic investigators and forensics scientists to simplify the digital world. Hence, all our research gives a clear view of digital forensics which could be of a great help in forensic investigation. In this research paper we have discussed about the need and way to preserve the digital evidence, so that it is not compromised at any point in time and an unalter evidence can be presented before the court of law.",,978-1-6654-0341-2,10.1109/ISCON52037.2021.9702301,,https://ieeexplore.ieee.org/stamp/stamp.jsp?arnumber=9702301,Digital forensics;Cyber Crime;Digital Evidence;Social media forensics;IoT forensics;Cloud forensics;network forensics,Cloud computing;Data privacy;Social networking (online);Digital forensics;Documentation;Media;Market research,,13,,14,IEEE,14-Feb-22,22-23 Oct. 2021,22-23 Oct. 2021,IEEE,IEEE Conferences
General Countermeasures of Anti-Forensics Categories,M. R. Al-Mousa; N. A. Sweerky; G. Samara; M. Alghanim; A. S. I. Hussein; B. Qadoumi,"Department of Internet Technology, Zarqa University, Zarqa, Jordan; Computer Science Department, Zarqa University, Zarqa, Jordan; Computer Science Department, Zarqa University, Zarqa, Jordan; Department of Internet Technology, Zarqa University, Zarqa, Jordan; Computer Science Department, Zarqa University, Zarqa, Jordan; Computer Information System Department, Zarqa University, Zarqa, Jordan",2021 Global Congress on Electrical Engineering (GC-ElecEng),07-Jun-22,2021,,,5,10,"Digital forensics methods and techniques have turned into a significant element in the investigation of digital crimes and gathering evidence about these crimes. The investigators of digital forensics regularly obey standard ways and use recognized methods and techniques throughout investigating. On the other hand, cybercriminals recognize which methods and tools are utilized in an examination and the way that digital forensic tools work. Therefore, they began to discover and perform another techniques assigned to anti-forensics. It foils the forensics process and tools by destroying, hiding, or modifying digital evidence and increases the difficulty of detecting the effects of cybercrimes. This paper tries to reach a standard approach for defining the term of anti-forensics, classifying the anti-forensics tools, and finally, determining general countermeasures to preserve forensics integrity.",,978-1-6654-2038-9,10.1109/GC-ElecEng52322.2021.9788230,Zarqa University; ,https://ieeexplore.ieee.org/stamp/stamp.jsp?arnumber=9788230,digital forensics;Anti-forensics;digital evidence;artefact wiping;hiding;trail obfuscation;countermeasures,Training;Electrical engineering;Planets;Digital forensics;Reliability engineering;Software;Software reliability,,5,,28,IEEE,07-Jun-22,10-12 Dec. 2021,10-12 Dec. 2021,IEEE,IEEE Conferences
Digital image forensics using EXIF data of digital evidence,M. Ölvecký; M. Host’ovecký,"Department of Applied Informatics, University of SS. Cyril and Methodius, Trnava, Slovak Republic; Department of Applied Informatics, University of SS. Cyril and Methodius, Trnava, Slovak Republic",2021 19th International Conference on Emerging eLearning Technologies and Applications (ICETA),09-Mar-22,2021,,,282,286,"Pie Information Extractor is one of the applications to data mining from digital photos. The global position system (GPS) with suitable connection with digital technologies enables to put additional layer to data. Exif (Exchangeable image file) information of photographs contains various information, such as date and time the picture was taken, type of camera used, types of settings on the camera, GPS Coordinates where the picture was taken, etc. Today not only digital cameras but also various devices with camera technology could put geotagged layers to photos. This information could be linked with location, camera model name, revised software, created date. Cyberattacks used not only the image layer but EXIF data are very useful. For example, the time and date of geotagged information are potentially useful for thieves and also criminologists on the other side. More and more photos are often shared on social media without any caution about private information. This paper presents another approach of image visual recognition in the interconnection with geotagged information.",,978-1-6654-2102-7,10.1109/ICETA54173.2021.9726649,,https://ieeexplore.ieee.org/stamp/stamp.jsp?arnumber=9726649,,Visualization;Image forensics;Image recognition;Image analysis;Social networking (online);Software;Data mining,,2,,19,IEEE,09-Mar-22,11-12 Nov. 2021,11-12 Nov. 2021,IEEE,IEEE Conferences
Analysis of Methods for Hiding Information in PDF Documents and Opportunities for Their Progress,A. V. Sergeev; P. B. Khorev,"Applied Mathematics Department, National Research University “MPEI”, Moscow, Russian Federation; Applied Mathematics Department, National Research University “MPEI”, Moscow, Russian Federation","2020 International Youth Conference on Radio Electronics, Electrical and Power Engineering (REEPE)",09-Apr-20,2020,,,1,4,"Notwithstanding the popularity of multimedia files for steganography purposes, other files, whether binary data files, executables or text based files, can also be used to hide information. The widespread use of PDF files can make its use for this purpose an interesting and practical solution. In the article, an analysis was made of the structures of PDF documents, the use of steganography capabilities and their detection. A study of steganography algorithms from open sources was conducted and based on the analysis, an algorithm for detecting steganography was proposed. For this purpose, an integrated approach was developed.",,978-1-7281-5655-2,10.1109/REEPE49198.2020.9059117,,https://ieeexplore.ieee.org/stamp/stamp.jsp?arnumber=9059117,steganography;analysis;PDF;data hiding,Portable document format;Arrays;Streaming media;Containers;Terrorism;Dictionaries;Encoding,,2,,17,IEEE,09-Apr-20,12-14 March 2020,12-14 March 2020,IEEE,IEEE Conferences
Review of the algorithms steganography in PDF documents and analysis,A. V. Sergeev; P. B. Khorev,"National Research University ""MPEI""; National Research University ""MPEI""",2020 Moscow Workshop on Electronic and Networking Technologies (MWENT),16-Apr-20,2020,,,1,4,"In this article, we will explore methods of using data hiding in a pdf document. The widespread use of PDF files can make its use for this purpose an interesting and practical solution. We was explore of algorithms of steganography algorithms from open sources and based on the analysis, an algorithm for detecting steganography proposed. We explore the methods to use a hide data in structure of the pdf document format, the basic strategies for hiding data, the statistical characteristics of PDF operators, we analysis the detection of changes after applying the algorithm for hiding data.",,978-1-7281-2572-5,10.1109/MWENT47943.2020.9067465,,https://ieeexplore.ieee.org/stamp/stamp.jsp?arnumber=9067465,Data transfer;Steganography;Information security,Portable document format;Containers;Conferences;Standards;Mathematical analysis;Tools;Hardware,,1,,22,IEEE,16-Apr-20,11-13 March 2020,11-13 March 2020,IEEE,IEEE Conferences
A PUF-Based Data-Device Hash for Tampered Image Detection and Source Camera Identification,Y. Zheng; Y. Cao; C. -H. Chang,"School of Electrical and Electronic Engineering, Nanyang Technological University, Singapore; College of Internet of Things Engineering, Hohai University, Changzhou, China; School of Electrical and Electronic Engineering, Nanyang Technological University, Singapore",IEEE Transactions on Information Forensics and Security,24-Sep-19,2020,15,,620,634,"With the increasing prevalent of digital devices and their abuse for digital content creation, forgeries of digital images and video footage are more rampant than ever. Digital forensics is challenged into seeking advanced technologies for forgery content detection and acquisition device identification. Unfortunately, existing solutions that address image tampering problems fail to identify the device that produces the images or footage while techniques that can identify the camera is incapable of locating the tampered content of its captured images. In this paper, a new perceptual data-device hash is proposed to locate maliciously tampered image regions and identify the source camera of the received image data as a non-repudiable attestation in digital forensics. The presented image may have been either tampered or gone through benign content preserving geometric transforms or image processing operations. The proposed image hash is generated by projecting the invariant image features into a physical unclonable function (PUF)-defined Bernoulli random space. The tamper-resistant random PUF response is unique for each camera and can only be generated upon triggered by a challenge, which is provided by the image acquisition timestamp. The proposed hash is evaluated on the modified CASIA database and CMOS image sensor-based PUF simulated using 180 nm TSMC technology. It achieves a high tamper detection rate of 95.42% with the regions of tampered content successfully located, a good authentication performance of above 98.5% against standard content-preserving manipulations, and 96.25% and 90.42%, respectively, for the more challenging geometric transformations of rotation (0 ~ 360°) and scaling (scale factor in each dimension: 0.5). It is demonstrated to be able to identify the source camera with 100% accuracy and is secure against attacks on PUF.",1556-6021,,10.1109/TIFS.2019.2926777,Singapore Ministry of Education AcRF Tier 2(grant numbers:MOE2015-T2-013); ,https://ieeexplore.ieee.org/stamp/stamp.jsp?arnumber=8755865,Camera Identification;Digital Image Forensics;Perceptual Image Hash;Physical Unclonable Function,Feature extraction;Cameras;Forensics;Forgery;Watermarking,,51,,40,IEEE,05-Jul-19,2020,,IEEE,IEEE Journals
Overview of Digital Forensics and Anti-Forensics Techniques,H. Majed; H. N. Noura; A. Chehab,"Department of Computer Studies, Arab Open University, Beirut, Lebanon; Department of Computer Studies, Arab Open University, Beirut, Lebanon; Electrical and Computer Engineering, American University of Beirut, Beirut, Lebanon",2020 8th International Symposium on Digital Forensics and Security (ISDFS),15-Jun-20,2020,,,1,5,"Digital forensics is very essential in any investigation where data is involved after a security breach. Data contents might be personal, business-related, or strictly confidential. The aim of digital forensics is to legally acquire and analyze the examined data, while Anti-forensics techniques aim to hide, manipulate, and even wipe the data, or to target the credibility of the acquired evidence. This paper presents the current antiforensics techniques, the methods applied, and the available countermeasures.",,978-1-7281-6939-2,10.1109/ISDFS49300.2020.9116399,,https://ieeexplore.ieee.org/stamp/stamp.jsp?arnumber=9116399,Digital forensics;anti-forensics;forensics techniques,Digital forensics;Security,,19,,13,IEEE,15-Jun-20,1-2 June 2020,1-2 June 2020,IEEE,IEEE Conferences
Validity of Forensic Evidence using Hash Function,P. K.C.; R. Soman; P. Honnavalli,"Department of computer science, PES University, Bangalore; Department of computer science, PES University, Bangalore; Department of computer science, PES University, Bangalore",2020 5th International Conference on Communication and Electronics Systems (ICCES),10-Jul-20,2020,,,823,826,"In any crime scene, the cyber forensics team look out for various evidences. In particular, they seek digital evidences such as surveillance system, hard disk drives, pen drives, and so on. After gathering the necessary evidences, they produce an exact copy of the evidence, called the forensics copy, rather than the original copy. This is done to avoid the destruction of original evidence. During the course of the investigation, the evidences may go through several phases. At any point of time, the investigator must be completely sure that the evidence is the exact same copy of the forensics copy. Hash functions play a very crucial role in this regard. They are used to verify whether the evidence has been subject to some unauthorized manipulation. SHA-1 and SHA-2 has been among the widely used hash functions. But nowadays, SHA-1 is considered weak. Furthermore, although SHA-3 is more secure than its earlier counterparts, it is considered to be slow on general purpose processors and as such, they are not so popular as yet. In this context, this assignment proposes a simple, but effective mechanism to fulfill the needs of cyber forensics using the combined capabilities of hashing functions, along with other cryptography concepts such as SALT.",,978-1-7281-5371-1,10.1109/ICCES48766.2020.9138061,,https://ieeexplore.ieee.org/stamp/stamp.jsp?arnumber=9138061,Hashing;SHA-1;SHA-2;SHA-3;Cyber forensics;SALT;Cryptography,Hash functions;Resistance;Salt;Program processors;Surveillance;Digital forensics;Drives;Hard disks;Real-time systems;Cryptography,,,,12,IEEE,10-Jul-20,10-12 June 2020,10-12 June 2020,IEEE,IEEE Conferences
LSB Steganography and AES Encryption for Multiple PDF Documents,N. Sofian; A. Wicaksana; S. Hansun,"Department of Informatics, Universitas Multimedia Nusantara, Tangerang, Indonesia; Department of Informatics, Universitas Multimedia Nusantara, Tangerang, Indonesia; Department of Informatics, Universitas Multimedia Nusantara, Tangerang, Indonesia",2019 5th International Conference on New Media Studies (CONMEDIA),06-Feb-20,2019,,,100,105,"Security is one important issue regarding data and information today. Steganography along with cryptography is used to hide and secure information. It is already an established practice to put watermark and to secure a single document using encryption. However, for large information requiring multiple documents has not received any attention. Here a program which can do steganography to multiple PDF documents to increase its steganography capacity is proposed, it is named MPDFStego. One of the steganography technique chosen in this research is the Least Significant Bit (LSB). LSB technique can be applied to Portable Document Format (PDF) by making use of its Tj Operator. Secret text is encrypted using Advanced Encryption Standard with 128-bit key size in Cipher Block Chaining (CBC) mode before it is embedded into the PDF document(s). Recompression and decompression of the PDF document(s) are done outside MPDFStego, with the help of QPDF tool. Testing and evaluation show that the MPDFStego is capable of hiding the secret text into one or many PDF documents (s).",,978-1-7281-0726-4,10.1109/CONMEDIA46929.2019.8981842,,https://ieeexplore.ieee.org/stamp/stamp.jsp?arnumber=8981842,AES;LSB;PDF;Steganography;Tj Operator,Portable document format;Encryption;Tools;Standards;Password;Informatics,,5,,15,IEEE,06-Feb-20,9-11 Oct. 2019,9-11 Oct. 2019,IEEE,IEEE Conferences
Deep Learning Applied to Steganalysis of Digital Images: A Systematic Review,T. -S. Reinel; R. -P. Raúl; I. Gustavo,"Departamento de Electrónica y Automatización-Antigua Estación del Ferrocarril, Universidad Autónoma de Manizales, Manizales, Colombia; Departamento de Ingeniería de Sistemas, Universidad de Antioquia, Medellín, Colombia; Departamento de Sistemas e Informática, Universidad de Caldas, Manizales, Colombia",IEEE Access,05-Jun-19,2019,7,,68970,68990,"Steganography consists of hiding messages inside some object known as a carrier in order to establish a covert communication channel so that the act of communication itself goes unnoticed by observers who have access to that channel. The steganalysis is dedicated to the detection of hidden messages using steganography; these messages can be implicit in different types of media, such as digital images, video files, audio files or plain text. Traditionally, steganalysis has been divided into two separate stages, the first stage consists of manual extraction of sophisticated features and the second stage is classification using Ensemble Classifiers or Support Vector Machines. In recent years, the development of Deep Learning has made it possible to unify and automate the two traditional stages into an end to end approach with promising results. This paper shows the evolution of steganalysis in recent years using the Deep Learning techniques. The results of these techniques have surpassed those obtained with conventional methods - Rich Models with Ensemble Classifiers - both in the spatial and frequency (JPEG) domains. Since 2014, researchers have used The Convolutional Neural Networks to solve this problem generating diverse architectures and strategies to improve the detection percentages of steganographic images on the last generation algorithms (WOW, S-UNIWARD, HUGO, J-UNIWARD, among others). The Deep Learning, being applied to steganalysis, is now in the process of construction and results so far are encouraging for researchers that are interested in the topic.",2169-3536,,10.1109/ACCESS.2019.2918086,Universidad Autonóma de Manizales under the project entitled “Application of Convolutional Neural Networks for Steganalysis”(grant numbers:589-089); ,https://ieeexplore.ieee.org/stamp/stamp.jsp?arnumber=8718661,Convolutional neural network;deep learning;steganalysis;steganography,Feature extraction;Transform coding;Deep learning;Databases;Frequency-domain analysis;Payloads;Manuals,,67,,90,OAPA,20-May-19,2019,,IEEE,IEEE Journals
A Study on Digital Image Forgery Techniques and its Detection,B. Chaitra; P. V. B. Reddy,"School of Computer Science and Engineering, REVA UNIVERSITY, BANGALORE, INDIA; School of Computer Science and Engineering, REVA UNIVERSITY, BANGALORE, INDIA",2019 International Conference on contemporary Computing and Informatics (IC3I),06-Apr-20,2019,,,127,130,"With the huge trending advancements and wide spread usage of digital image manipulating software tools has led users a motivation to manipulate and modify the digital images easily. A digital image sometimes plays a vital rule and forms basic essential evidence in various fields such as forensics investigation, crime detection and legal proceedings, medical imaging, journalism. This tends to the question on the Originality, legitimacy and security of digital images. This paper presents a survey firstly on recent types of image tampering techniques, tools used for tampering, and discussion on identification schemes used for numerous types of image tamper detection techniques.",,978-1-7281-5529-6,10.1109/IC3I46837.2019.9055573,,https://ieeexplore.ieee.org/stamp/stamp.jsp?arnumber=9055573,Digital image forgery;Photo editing software tools;Active forgery;Passive forgery;image tampering detection,Conferences;Informatics,,7,,9,IEEE,06-Apr-20,12-14 Dec. 2019,12-14 Dec. 2019,IEEE,IEEE Conferences
A review on deep learning based image steganalysis,Y. -H. Tang; L. -H. Jiang; H. -Q. He; W. -Y. Dong,"State key laboratory of Mathematical Engineering and Advance Computing, Zhengzhou, China; State key laboratory of Mathematical Engineering and Advance Computing, Zhengzhou, China; State key laboratory of Mathematical Engineering and Advance Computing, Zhengzhou, China; State key laboratory of Mathematical Engineering and Advance Computing, Zhengzhou, China","2018 IEEE 3rd Advanced Information Technology, Electronic and Automation Control Conference (IAEAC)",16-Dec-18,2018,,,1764,1770,"Deep learning is applied to image steganalysis and makes great progress. This paper presents a review on image steganalysis based on deep learning. According to the steganography scheme, these steganalysis methods are mainly classified as spatial domain steganalysis and jpeg domain steganalysis. The former approaches try to improve the steganalysis performance through network model design, fusion and learning strategy, while the latter methods attempt to perform better by designing appropriate network model or incorporating prior knowledge into the Convolutional Neural Network architecture. However, there are still several issues that need to be solved, on basis of which the future research direction is discussed.",2381-0947,978-1-5386-4509-3,10.1109/IAEAC.2018.8577655,,https://ieeexplore.ieee.org/stamp/stamp.jsp?arnumber=8577655,image steganalysis;deep learning;Convolutional Neural Network,Deep learning;Knowledge engineering;Training;Steganography;Image recognition;Reviews;Convolutional neural networks;Information technology;Signal detection;Payloads,,4,,47,IEEE,16-Dec-18,12-14 Oct. 2018,12-14 Oct. 2018,IEEE,IEEE Conferences
Deep Learning Hierarchical Representations for Image Steganalysis,J. Ye; J. Ni; Y. Yi,"Guangdong Provincial Key Laboratory of Information Security Technology, Guangzhou, China; Xinhua College of Sun Yat-Sen University, Guangdong, China; School of Data and Computer Science, Sun Yat-Sen University, Guangdong, China",IEEE Transactions on Information Forensics and Security,25-Jul-17,2017,12,11,2545,2557,"Nowadays, the prevailing detectors of steganographic communication in digital images mainly consist of three steps, i.e., residual computation, feature extraction, and binary classification. In this paper, we present an alternative approach to steganalysis of digital images based on convolutional neural network (CNN), which is shown to be able to well replicate and optimize these key steps in a unified framework and learn hierarchical representations directly from raw images. The proposed CNN has a quite different structure from the ones used in conventional computer vision tasks. Rather than a random strategy, the weights in the first layer of the proposed CNN are initialized with the basic high-pass filter set used in the calculation of residual maps in a spatial rich model (SRM), which acts as a regularizer to suppress the image content effectively. To better capture the structure of embedding signals, which usually have extremely low SNR (stego signal to image content), a new activation function called a truncated linear unit is adopted in our CNN model. Finally, we further boost the performance of the proposed CNN-based steganalyzer by incorporating the knowledge of selection channel. Three state-of-the-art steganographic algorithms in spatial domain, e.g., WOW, S-UNIWARD, and HILL, are used to evaluate the effectiveness of our model. Compared to SRM and its selection-channel-aware variant maxSRMd2, our model achieves superior performance across all tested algorithms for a wide variety of payloads.",1556-6021,,10.1109/TIFS.2017.2710946,"National Natural Science Foundation of China(grant numbers:61379156,61672546,60970145); National Research Foundation for the Doctoral Program of Higher Education of China(grant numbers:20120171110037); Key Program of Natural Science Foundation of Guangdong(grant numbers:S2012020011114); ",https://ieeexplore.ieee.org/stamp/stamp.jsp?arnumber=7937836,Steganalysis;convolutional neural networks;feature learning,Feature extraction;Convolution;Neural networks;Computational modeling;Sun;Pipelines;Kernel,,662,,32,IEEE,01-Jun-17,Nov. 2017,,IEEE,IEEE Journals
The Value of Metadata in Digital Forensics,F. Alanazi; A. Jones,"Software Technology Research Laboratory, De Montfort University, Leicester, UK; Cyber Security Center, Edith Cowan University Leicester LE19BH UK, Perth, Australia",2015 European Intelligence and Security Informatics Conference,14-Jan-16,2015,,,182,182,"Metadata is not visible when viewing data in a number of forms such as a word document or an image. It is, however, an important consideration in the discovery of information for use in digital forensic investigations. Different types of documents and files have a number of formats and types of metadata, which can be used to discover the properties of a file, document or network activity. Moreover, Metadata is useful in many circumstances, where it can provide collaboration evidence of between groups of people, because some of them are not aware of which type of information is stored within their document. Thus, the digital forensics investigator can access to this hidden document information. In legal cases, the identification of relevant digital evidence is crucial for supporting the case, verification and an examination existing legal argument forms. In this work, we show how to use the different formats and types of metadata in order to validate the legal argument for relevant evidence.",,978-1-4799-8657-6,10.1109/EISIC.2015.26,,https://ieeexplore.ieee.org/stamp/stamp.jsp?arnumber=7379751,Metadata;Digital Evidence;Digital Forensics;legal practitioner;Investigator,Metadata;Digital forensics;File systems;XML;Europe,,6,,3,IEEE,14-Jan-16,7-9 Sept. 2015,7-9 Sept. 2015,IEEE,IEEE Conferences
An analysis of LSB based image steganography techniques,K. Thangadurai; G. Sudha Devi,"PG and Research Department of Computer Science, Govt. Arts College (Autonomous), Karur, India; PG and Research Department of Computer Science, Govt. Arts College (Autonomous), Karur, India",2014 International Conference on Computer Communication and Informatics,16-Oct-14,2014,,,1,4,"Steganography refers to information or a file that has been concealed inside a digital picture, video or audio file. If a person views the object in which the information is hidden inside, he or she will have no indication that there is any hidden information. So the person will not try to decrypt the information. Steganography can be divided into Text Steganography, Image Steganography, Audio/Video Steganography. Image Steganography is one of the common methods used for hiding the information in the cover image. LSB is very efficient algorithm used to embed the information in a cover file. This paper presents the detail knowledge about the LSB based image steganography and its applications to various file formats. In this paper we also analyze the available image based steganography along with cryptography technique to achieve security.",,978-1-4799-2352-6,10.1109/ICCCI.2014.6921751,,https://ieeexplore.ieee.org/stamp/stamp.jsp?arnumber=6921751,Cryptography;Steganography;Message Hiding;Cover Image;LSB;GIF;PNG,Cryptography;Image color analysis;Computers;Computer science;Informatics;Art;Gray-scale,,68,,10,IEEE,16-Oct-14,3-5 Jan. 2014,3-5 Jan. 2014,IEEE,IEEE Conferences
Anti-forensic Steganography Using Multi-bit Minimum Error Replacement with Flexible Bit Location,R. -J. Chen; J. -L. Lai; S. -J. Horng,"Department of Electronic Engineering, National United University, Miaoli, Taiwan; Department of Electronic Engineering, National United University, Miaoli, Taiwan; Department of Computer Science and Information Engineering, National Taiwan University of Science and Technology, Taipei, Taiwan","2012 International Symposium on Computer, Consumer and Control",02-Jul-12,2012,,,175,178,"Multi-bit minimum error replacement (MER) is a method that can embed multi-bit logo/secret data into k least-significant bits (LSBs) of cover data only introduces minimum embedding error (MEE). However, k-LSBs MER suffers from weak anti-forensics. Moreover, it is unfortunate because no literature discusses the formulations and the properties of multi-bit MEE up to this day. Therefore, this work proposes an anti-forensic steganography system using multi-bit MERs with flexible bit location (multi-bit MER_FBL) to overcome the problem of forensics. This work also illustrates the formulations and properties of MEEs in the multi-bit MER_FBL. The embedding error can be easily and determinedly evaluated using the proposed formulations and properties. The proposed multi-bit MER_FBL embeds and hides multi-bit (k-bit, k≥1) logo/secret data into any adjoining (starting with the ith location) k-bit bibi-1 ··· bi-k+1 of cover data only introduces MEE in the range of 0 to ±(2k-1)2i-k; moreover, its flexible bit location enhances the embedded security as security increases as embedding location increases. As the proposed multi-bit MER_FBL can embed multi-bit logo/secret data into any adjoining bits of cover data and has high embedding capacity and high embedding quality, this method was applied for data steganography. Finally, anti-forensics of the proposed steganography system is demonstrated using the statistical attack of Chi-square analysis.",,978-1-4673-0767-3,10.1109/IS3C.2012.53,,https://ieeexplore.ieee.org/stamp/stamp.jsp?arnumber=6228276,anti-forensic;steganography;minimum error replacement,Security;Simulation;Generators;PSNR;Image color analysis;Forensics;Pattern recognition,,2,,6,IEEE,02-Jul-12,4-6 June 2012,4-6 June 2012,IEEE,IEEE Conferences
Boundary Conditions for the Digital Forensic Use of Electronic Evidence and The Need for Forensic Counter-Analysis,M. M. Losavio; M. Hindi; R. Yampolskiy; D. W. Keeling,"Department of Justice Administration, University of Louisville, Louisville, KY, USA; Department of Computer Engineering and Computer Science, University of Louisville, Louisville, KY, USA; Department of Computer Engineering and Computer Science, University of Louisville, Louisville, KY, USA; Department of Justice Administration, University of Louisville, Louisville, KY, USA",2011 Sixth IEEE International Workshop on Systematic Approaches to Digital Forensic Engineering,01-Mar-12,2011,,,1,6,"Network and Digital Forensics provide information about electronic activity in new, sometimes unprecedented forms. These new forms offer new, powerful tactical tools for investigations of electronic malfeasance when incorporated under traditional legal regulation of state power, particular that of Fourth Amendment limitations on police searches and seizures under the U.S. Constitution. These tactical tools raise issues of public policy and privacy that may raise concerns about the proper police oversight of civil society. How those issues are resolved will define personal privacy, autonomy and dignity in the 21st digital century.",,978-0-7695-4642-1,10.1109/SADFE.2011.2,,https://ieeexplore.ieee.org/stamp/stamp.jsp?arnumber=6159117,digital;network;forensics;probably cause;fourth amendment;privacy;autonomy;dignity,Computers;Privacy;Cryptography;Forensics;Electronic mail,,2,,18,IEEE,01-Mar-12,26-26 May 2011,26-26 May 2011,IEEE,IEEE Conferences
Steganographic Algorithm Injection in Image Information Systems Used in Healthcare Organizations,E. Martiri; A. Baxhaku; E. Barolli,"Department of Applied Informatics, FE, University of Tirana, Tirana, Albania; Department of Mathematics, Faculty of Natural Sciences, University of Tirana, Tirana, Albania; Department of Applied Informatics, FE, University of Tirana, Tirana, Albania",2011 Third International Conference on Intelligent Networking and Collaborative Systems,19-Jan-12,2011,,,408,411,"Image Information Systems, as every other information system where we store digital data, is frequently attacked by outer intruders who want to possess these data and use them to their interest. In order to fight these phenomena information systems built on databases use different security techniques. Nevertheless, at the moment that system data, in our case images, are exposed on the web, they cannot be considered protected, since they after the copy process do not show clearly their author. In this paper we offer a secure way regarding image authenticity. Steganography is the science of hiding data in electronic images and we propose a steganographic algorithm that injects image metadata in the image itself. These metadata are not only regarding the image itself, but an important part of them is also an ID generated according to our scheme. We will focus on IIS of Healthcare organizations. For this reason we will try to guaranty authenticity without touching the image quality. The proposed injection is tested in AMP systems and it is done prior the image is stored in the database.",,978-1-4577-1908-0,10.1109/INCoS.2011.149,,https://ieeexplore.ieee.org/stamp/stamp.jsp?arnumber=6132840,Steganography;Image Information Systems;authenticity;algorithm injection,Information systems;Organizations;Medical services;Security;Educational institutions;Biomedical imaging;Databases,,3,,8,IEEE,19-Jan-12,30 Nov.-2 Dec. 2011,30 Nov.-2 Dec. 2011,IEEE,IEEE Conferences
Hash-Algorithms Output for Digital Evidence in Computer Forensics,H. -J. Ke; J. Liu; S. -J. Wang; D. Goyal,"Information Management Office, Changhua County Police Bureau, Changhua, Taiwan; Department of Computer, Information Science and Engineering, University of Florida, USA; Department of Information Management, Central Police University, TaoYuan, Taiwan; Department of Electronics and Communication Engineering, LNM Institute of Information Technology, Jaipur, India","2011 International Conference on Broadband and Wireless Computing, Communication and Applications",15-Dec-11,2011,,,399,404,"With the fast developments in computer and internet connections going through the world, the high-tech crime problem is also companying with it on the way. Hash-algorithm is, basically, a crypto-function that enables to output a short-string for any possible input digital strings. One of its applications is able to be used in the field of computer forensics to authenticate the completeness of digital evidence. According to the collision-free nature of hash, any one minor change of strings in function input, the output-strings will be totally diverse. In this paper, we review the hash property and discuss the related applications in computer forensics to enhance the reliability of digital evidence in the investigation of computer crime-events.",,978-1-4577-1455-9,10.1109/BWCCA.2011.65,,https://ieeexplore.ieee.org/stamp/stamp.jsp?arnumber=6103065,Hash;Authentication;Digital Evidence;Computer Forensics;Cyber-crime,Forensics;Computers;Cryptography;Software;Benchmark testing;Reliability,,2,,12,IEEE,15-Dec-11,26-28 Oct. 2011,26-28 Oct. 2011,IEEE,IEEE Conferences
OleDetection Forensics and Anti-forensics of Steganography in OLE2-Formatted Documents,R. F. Erbacher; J. Daniels; S. Montiero,"Computer Science Department, University of Utah, Logan, UT, USA; Computer Science Department, University of Utah, Logan, UT, USA; Computer Science Department, University of Utah, Logan, UT, USA",2009 Fourth International IEEE Workshop on Systematic Approaches to Digital Forensic Engineering,01-Dec-09,2009,,,85,96,"New and improved data hiding techniques pose a problem for forensic analysts investigating computer crime. Computer criminals are able to hide information using stego-channels available in commonly used document formats, thereby hindering an investigator from acquiring possibly important evidence. In this paper, we focus on detecting the use of stego-channels in the unused or dead space regions in the Object Linking and Embedding 2 (OLE2) specification used primarily by Microsoft's Office. The OleDetection algorithm presented in this paper is focused on detecting the use of these stego-channels using a three-step process comprising the detection of dead regions in a document, the extraction of binary data and the generation of appropriate statistics using kurtosis and byte-frequency distribution, and the comparison of the calculated statistics with threshold values, which determines whether or not the document contains hidden data. This algorithm extends the work done by the StegOle algorithm. Our experimental results show that the OleDetection algorithm can correctly identify 99.97 percent of documents with previous stego-channel techniques with a false positive rate of only 0.65 percent. In addition, we present an anti-forensic technique wherein OLE2 documents can be modified to hide data with greater detection avoidance characteristics; thus reducing the accuracy of the current OleDetection implementation.",,978-0-7695-3792-4,10.1109/SADFE.2009.18,,https://ieeexplore.ieee.org/stamp/stamp.jsp?arnumber=5341560,Forensics;Anti-Forensics;steganography;Covert Channels;OLE2,Steganography;Digital forensics;Conferences;Data engineering;Data encapsulation;Statistical distributions;Computer science;Computer crime;Object detection;Joining processes,,,1,20,IEEE,01-Dec-09,21-21 May 2009,21-21 May 2009,IEEE,IEEE Conferences
A Steganographic Algorithm for Hiding Data in PDF Files Based on Equivalent Transformation,X. Liu; Q. Zhang; C. Tang; J. Zhao; J. Liu,"College of Electronic Science and Engineering, National University of Defense Technology, Changsha, Hunan, China; College of Electronic Science and Engineering, National University of Defense Technology, Changsha, Hunan, China; College of Electronic Science and Engineering, National University of Defense Technology, Changsha, Hunan, China; College of Electronic Science and Engineering, National University of Defense Technology, Changsha, Hunan, China; College of Electronic Science and Engineering, National University of Defense Technology, Changsha, Hunan, China",2008 International Symposiums on Information Processing,27-Jun-08,2008,,,417,421,"To amend the defects of low perceptual transparency, low capacity, low security of the present information hiding technology in PDF files, we present a novel steganographic algorithm which is better in perceptual transparency property, capacity and security. Attributive to the insensitiveness of PDF files to the seriation of entries, the algorithm helps to realize the information hiding in high degree of perceptual transparency and in large capacity without writing new data in the original file. And as the initial value of the chaotic map, the key is generated by applying the secure hash algorithm, to keep the system meet Kerckhoffs rules and enable integrity service. In addition, this algorithm is equipped strong anti-statistical attack ability.",,978-0-7695-3151-9,10.1109/ISIP.2008.35,,https://ieeexplore.ieee.org/stamp/stamp.jsp?arnumber=4554124,steganographic algorithm;information hiding;PDF;equivalent transformation,Steganography;Dictionaries;Cryptography;Chaotic communication;Information security;Displays;Data security;National security;Vehicles;Information processing,,3,,12,IEEE,27-Jun-08,23-25 May 2008,23-25 May 2008,IEEE,IEEE Conferences
Copyright Protection with EXIF Metadata and Error Control Codes,H. -C. Huang; W. -C. Fang; S. -C. Chen,"National University of Kaohsiung, Taiwan; National Chiao Tung University, Taiwan; National University of Kaohsiung, Taiwan",2008 International Conference on Security Technology,22-Dec-08,2008,,,133,136,"In this paper, we propose a practical scheme for copyright protection of images with the aid of EXIF metadata and error control codes. Application for robust watermarking is one of the major branches in digital rights management (DRM) systems and digital forensics. By use of robust watermarking, it generally alters selected coefficients in the transform domain to accomplish the embedding process. We consider not only the image contents itself, but we also employ the EXIF metadata, which serves as the role of watermark, to be integrated into our scheme. Moreover, for enhancing the copyright protection capability, channel coding is employed. Taking the manufacturer, camera model, date and time stamp, and some other information in the EXIF metadata into account, conventional watermarking techniques can be applied to ordinary pictures taken by ourselves, and watermarked images with good quality can be produced. Even when the marked image has been intentionally modified, the original EXIF with selected information can mostly be recovered from the channel decoding process. Simulation results present the effectiveness of such an implementation.",,978-0-7695-3486-2,10.1109/SecTech.2008.8,,https://ieeexplore.ieee.org/stamp/stamp.jsp?arnumber=4725361,EXIF;watermarking;digital rights management;error control code,Copyright protection;Error correction;Watermarking;Digital cameras;Robustness;Discrete cosine transforms;Digital images;Digital forensics;Virtual manufacturing;Organizing,,3,,10,IEEE,22-Dec-08,13-15 Dec. 2008,13-15 Dec. 2008,IEEE,IEEE Conferences
A Digital Signature Schemes Without Using One-way Hash and Message Redundancy and Its Application on Key Agreement,H. Zhang; Z. Yuan; Q. -y. Wen,"School of Science Beijing, University of Posts and Telecommunications, Beijing, China; Beijing Electronic Science and Technology Institute, Beijing, China; School of Science Beijing, University of Posts and Telecommunications, Beijing, China",2007 IFIP International Conference on Network and Parallel Computing Workshops (NPC 2007),22-Oct-07,2007,,,873,878,"Digital signature schemes based on public-key cryptosystems are important building blocks of key agreement protocols. They are vulnerable by existential forgery attack. A usual method to prevent existential forgery attack is on-way hash function and message redundancy. In 2004, Chang and Chang proposed a new digital signature scheme. The scheme is without using one-way hash function and any redundancy padding, which is very interesting to many designers. Recently, Chien found an existential forgery attack. In this paper, we show another forgery attack on it and propose an improved scheme without oracle, which is secure against existential forgery attacks. Then we proposed a key agreement protocol by amending the signature slightly.",,978-0-7695-2943-1,10.1109/NPC.2007.78,,https://ieeexplore.ieee.org/stamp/stamp.jsp?arnumber=4351597,,Digital signatures;Forgery;Information security;Public key cryptography;Cryptographic protocols;Public key;Parallel processing;Mobile communication;Mobile computing;Resists,,,,11,IEEE,22-Oct-07,18-21 Sept. 2007,18-21 Sept. 2007,IEEE,IEEE Conferences
Forgery attacks on digital signature schemes without using one-way hash and message redundancy,Hung-Yu Chien,"Department of Information Management, ChaoYang University of Technology, Taiwan",IEEE Communications Letters,19-Jun-06,2006,10,5,324,325,"Chang and Chang proposed a new digital signature scheme, and claimed the scheme can resist the forgery attack without using one-way hash function and any redundancy padding. This claim is very interesting to all designers, because conventionally a one-way hash function is required to resist the attacks. This article shows an existential forgery attack on the scheme, and shows that the scheme would still be insecure even if a secure one-way function were adopted in the scheme.",1558-2558,,10.1109/LCOMM.2006.1633310,,https://ieeexplore.ieee.org/stamp/stamp.jsp?arnumber=1633310,,Forgery;Digital signatures;Resists;Equations;Hypertext systems;Mobile communication;Mobile computing;Information management;Chaotic communication;Public key,,9,,6,IEEE,19-Jun-06,May-06,,IEEE,IEEE Journals
A LSB steganography detection algorithm,Li Zhi; Sui Ai Fen; Yang Yi Xian,"Institute of Electronic Information, Sichuan University, Chengdu, China; Information Security Center, Beijing University of Posts and Telecommunications, Beijing, China; Information Security Center, Beijing University of Posts and Telecommunications, Beijing, China","14th IEEE Proceedings on Personal, Indoor and Mobile Radio Communications, 2003. PIMRC 2003.",14-Jan-04,2003,3,,2780,2783 vol.3,"The spatial LSB steganography results in the alteration of the smooth characteristics between adjoining pixels of the raw image. The relation between the length of embedded message and the gradient energy is theoretically analyzed, and then a steganalysis and detection method, named gradient energy-flipping rate detection (GEFR) is proposed. Through the analysis of the variation of the gradient energy, which results from the LSB steganography in color and grayscale image, the secret message embedded in the target image is detected, and the length of the embedded message is estimated. The method is proved effective and accurate by simulation (detection rate reaches 0.01bit per pixel).",,0-7803-7822-9,10.1109/PIMRC.2003.1259249,,https://ieeexplore.ieee.org/stamp/stamp.jsp?arnumber=1259249,,Steganography;Detection algorithms;Gray-scale;Pixel;Image color analysis;Transform coding;Image analysis;Computational modeling;Cryptography;Digital images,,16,,8,IEEE,14-Jan-04,7-10 Sept. 2003,7-10 Sept. 2003,IEEE,IEEE Conferences
